--import merit badge category

INSERT INTO category_merit_badge(id,imageurl,name) values(1,'','Obozownictwo i Przyroda');
INSERT INTO category_merit_badge(id,imageurl,name) values(2,'','Muzyka i Ekspresja');
INSERT INTO category_merit_badge(id,imageurl,name) values(3,'','Sport Turystyka i Krajoznawstwo');
INSERT INTO category_merit_badge(id,imageurl,name) values(4,'','Sztuka i Technika');
INSERT INTO category_merit_badge(id,imageurl,name) values(5,'','Nauka i Kultura');
INSERT INTO category_merit_badge(id,imageurl,name) values(6,'','Duch i Charakter');
INSERT INTO category_merit_badge(id,imageurl,name) values(7,'','Proby');

--import merit madge

INSERT INTO merit_badge(id,imageurl,name,category_merit_badge) values(1,'Obozownictwo-i-przyroda_12_1_Biwakowicz.png','Biwakowicz',1);
INSERT INTO merit_badge(id,imageurl,name,category_merit_badge) values(2,'Obozownictwo-i-przyroda_13_2_Botanik.png','Botanik',1);
INSERT INTO merit_badge(id,imageurl,name,category_merit_badge) values(3,'Obozownictwo-i-przyroda_12_1_Bystre_oko.png','Bystre oko',1);
INSERT INTO merit_badge(id,imageurl,name,category_merit_badge) values(4,'Obozownictwo-i-przyroda_07_1_Chatka_Robinsona.png','Chatka robinsona',1);
INSERT INTO merit_badge(id,imageurl,name,category_merit_badge) values(5,'Obozownictwo-i-przyroda_09_2_Chorazy.png','Chorąży',1);
INSERT INTO merit_badge(id,imageurl,name,category_merit_badge) values(6,'Obozownictwo-i-przyroda_06_1_Czujka.png','Czujka',1);
INSERT INTO merit_badge(id,imageurl,name,category_merit_badge) values(7,'Obozownictwo-i-przyroda_09_3_Dobosz.png','Dobosz',1);
INSERT INTO merit_badge(id,imageurl,name,category_merit_badge) values(8,'Obozownictwo-i-przyroda_09_3_Dowodca.png','Dowódca',1);
INSERT INTO merit_badge(id,imageurl,name,category_merit_badge) values(9,'Obozownictwo-i-przyroda_06_3_Dowodca_warty_nocnej.png','Dowódca warty',1);
INSERT INTO merit_badge(id,imageurl,name,category_merit_badge) values(10,'Obozownictwo-i-przyroda_11_2_Gospodarz.png','Gospodarz',1);
INSERT INTO merit_badge(id,imageurl,name,category_merit_badge) values(11,'Obozownictwo-i-przyroda_10_1_Higienista.png','Higienista',1);
INSERT INTO merit_badge(id,imageurl,name,category_merit_badge) values(12,'Obozownictwo-i-przyroda_05_3_Krotkofalarz.png','Krótkofalarz',1);
INSERT INTO merit_badge(id,imageurl,name,category_merit_badge) values(13,'Obozownictwo-i-przyroda_11_3_Kwatermistrz.png','Kwatermistrz',1);
INSERT INTO merit_badge(id,imageurl,name,category_merit_badge) values(14,'Obozownictwo-i-przyroda_08_1_Lekka_stopa.png','Lekka stopa',1);
INSERT INTO merit_badge(id,imageurl,name,category_merit_badge) values(15,'Obozownictwo-i-przyroda_07_2_Lesny_czlowiek.png','Leśny człowiek',1);
INSERT INTO merit_badge(id,imageurl,name,category_merit_badge) values(16,'Obozownictwo-i-przyroda_05_1_Lacznik.png','Łącznik',1);
INSERT INTO merit_badge(id,imageurl,name,category_merit_badge) values(17,'Obozownictwo-i-przyroda_05_3_Lacznosciowiec.png','Łącznościowiec',1);
INSERT INTO merit_badge(id,imageurl,name,category_merit_badge) values(18,'Obozownictwo-i-przyroda_11_3_Magazynier.png','Magazynier',1);
INSERT INTO merit_badge(id,imageurl,name,category_merit_badge) values(19,'Obozownictwo-i-przyroda_09_1_Mistrz_musztry.png','Mistrz musztry',1);
INSERT INTO merit_badge(id,imageurl,name,category_merit_badge) values(20,'Obozownictwo-i-przyroda_03_3_Mistrz_orientacji.png','Mistrz orientacji',1);
INSERT INTO merit_badge(id,imageurl,name,category_merit_badge) values(21,'Obozownictwo-i-przyroda_12_1_Biwakowicz.png','Biwakowicz',1);
INSERT INTO merit_badge(id,imageurl,name,category_merit_badge) values(22,'Obozownictwo-i-przyroda_13_2_Botanik.png','Botanik',1);
INSERT INTO merit_badge(id,imageurl,name,category_merit_badge) values(23,'Obozownictwo-i-przyroda_12_1_Bystre_oko.png','Bystre oko',1);
INSERT INTO merit_badge(id,imageurl,name,category_merit_badge) values(24,'Obozownictwo-i-przyroda_07_1_Chatka_Robinsona.png','Chatka robinsona',1);
INSERT INTO merit_badge(id,imageurl,name,category_merit_badge) values(25,'Obozownictwo-i-przyroda_09_2_Chorazy.png','Chorąży',1);
INSERT INTO merit_badge(id,imageurl,name,category_merit_badge) values(26,'Obozownictwo-i-przyroda_06_1_Czujka.png','Czujka',1);
INSERT INTO merit_badge(id,imageurl,name,category_merit_badge) values(27,'Obozownictwo-i-przyroda_09_3_Dobosz.png','Dobosz',1);
INSERT INTO merit_badge(id,imageurl,name,category_merit_badge) values(28,'Obozownictwo-i-przyroda_09_3_Dowodca.png','Dowódca',1);
INSERT INTO merit_badge(id,imageurl,name,category_merit_badge) values(29,'Obozownictwo-i-przyroda_06_3_Dowodca_warty_nocnej.png','Dowódca warty',1);
INSERT INTO merit_badge(id,imageurl,name,category_merit_badge) values(30,'Obozownictwo-i-przyroda_11_2_Gospodarz.png','Gospodarz',1);
INSERT INTO merit_badge(id,imageurl,name,category_merit_badge) values(31,'Obozownictwo-i-przyroda_10_1_Higienista.png','Higienista',1);
INSERT INTO merit_badge(id,imageurl,name,category_merit_badge) values(32,'Obozownictwo-i-przyroda_05_3_Krotkofalarz.png','Krótkofalarz',1);
INSERT INTO merit_badge(id,imageurl,name,category_merit_badge) values(33,'Obozownictwo-i-przyroda_11_3_Kwatermistrz.png','Kwatermistrz',1);
INSERT INTO merit_badge(id,imageurl,name,category_merit_badge) values(34,'Obozownictwo-i-przyroda_08_1_Lekka_stopa.png','Lekka stopa',1);
INSERT INTO merit_badge(id,imageurl,name,category_merit_badge) values(35,'Obozownictwo-i-przyroda_07_2_Lesny_czlowiek.png','Leśny człowiek',1);
INSERT INTO merit_badge(id,imageurl,name,category_merit_badge) values(36,'Obozownictwo-i-przyroda_05_1_Lacznik.png','Łącznik',1);
INSERT INTO merit_badge(id,imageurl,name,category_merit_badge) values(37,'Obozownictwo-i-przyroda_05_3_Lacznosciowiec.png','Łącznościowiec',1);
INSERT INTO merit_badge(id,imageurl,name,category_merit_badge) values(38,'Obozownictwo-i-przyroda_11_3_Magazynier.png','Magazynier',1);
INSERT INTO merit_badge(id,imageurl,name,category_merit_badge) values(39,'Obozownictwo-i-przyroda_09_1_Mistrz_musztry.png','Mistrz musztry',1);
INSERT INTO merit_badge(id,imageurl,name,category_merit_badge) values(40,'Obozownictwo-i-przyroda_03_3_Mistrz_orientacji.png','Mistrz orientacji',1);
INSERT INTO merit_badge(id,imageurl,name,category_merit_badge) values(41,'Obozownictwo-i-przyroda_01_3__Mistrz_zdobnictwa.png','Mistrz zdobnictwa',1);
INSERT INTO merit_badge(id,imageurl,name,category_merit_badge) values(42,'Obozownictwo-i-przyroda_15_1_Muzykant.png','Muzykant',1);
INSERT INTO merit_badge(id,imageurl,name,category_merit_badge) values(43,'Obozownictwo-i-przyroda_08_3_Nieuchwytny_b.png','Nieuchwytny',1);
INSERT INTO merit_badge(id,imageurl,name,category_merit_badge) values(44,'Obozownictwo-i-przyroda_03_1_Obserwator.png','Obserwator',1);
INSERT INTO merit_badge(id,imageurl,name,category_merit_badge) values(45,'Obozownictwo-i-przyroda_04_3_Ogniowiec.png','Ogniowiec',1);
INSERT INTO merit_badge(id,imageurl,name,category_merit_badge) values(46,'Obozownictwo-i-przyroda_04_1_Plomien.png','Płomień',1);
INSERT INTO merit_badge(id,imageurl,name,category_merit_badge) values(47,'Obozownictwo-i-przyroda_12_4_Polarnik.png','Polarnik',1);
INSERT INTO merit_badge(id,imageurl,name,category_merit_badge) values(48,'Obozownictwo-i-przyroda_13_1_Przyrodnik.png','Przyrodnik - Sprawnoście Harcerzy ZHR',1);
INSERT INTO merit_badge(id,imageurl,name,category_merit_badge) values(49,'Obozownictwo-i-przyroda_10_3_Ratownik.png','Ratownik',1);
INSERT INTO merit_badge(id,imageurl,name,category_merit_badge) values(50,'Obozownictwo-i-przyroda_07_3_Rosomak.png','Rosomak',1);
INSERT INTO merit_badge(id,imageurl,name,category_merit_badge) values(51,'Obozownictwo-i-przyroda_11_1_Sakwa.png','Sakwa',1);
INSERT INTO merit_badge(id,imageurl,name,category_merit_badge) values(52,'Obozownictwo-i-przyroda_10_2_Sanitariusz.png','Sanitariusz',1);
INSERT INTO merit_badge(id,imageurl,name,category_merit_badge) values(53,'Obozownictwo-i-przyroda_01_1_Sobieradek_obozowy.png','Sobieradek obozowy',1);
INSERT INTO merit_badge(id,imageurl,name,category_merit_badge) values(54,'Obozownictwo-i-przyroda_04_2_Straznik_ognia.png','Strażnik ognia',1);
INSERT INTO merit_badge(id,imageurl,name,category_merit_badge) values(55,'Obozownictwo-i-przyroda_05_2_Sygnalista.png','Sygnalista',1);
INSERT INTO merit_badge(id,imageurl,name,category_merit_badge) values(56,'Obozownictwo-i-przyroda_01_2_Technik_obozowy.png','Technik obozowy',1);
INSERT INTO merit_badge(id,imageurl,name,category_merit_badge) values(57,'Obozownictwo-i-przyroda_03_2_Terenoznawca.png','Terenoznawca',1);
INSERT INTO merit_badge(id,imageurl,name,category_merit_badge) values(58,'Obozownictwo-i-przyroda_03_3_Topograf.png','Topograf',1);
INSERT INTO merit_badge(id,imageurl,name,category_merit_badge) values(59,'Obozownictwo-i-przyroda_12_3_Traper.png','Traper',1);
INSERT INTO merit_badge(id,imageurl,name,category_merit_badge) values(60,'Obozownictwo-i-przyroda_09_3_Trebacz.png','Trębacz',1);
INSERT INTO merit_badge(id,imageurl,name,category_merit_badge) values(61,'Muzyka-i-ekspresja_15_2_Akompaniator.png','Akompaniator',2);
INSERT INTO merit_badge(id,imageurl,name,category_merit_badge) values(62,'Muzyka-i-ekspresja_18_3_Aktor.png','Aktor',2);
INSERT INTO merit_badge(id,imageurl,name,category_merit_badge) values(63,'Muzyka-i-ekspresja_15_2_Walibeben.png','Bębniarz',2);
INSERT INTO merit_badge(id,imageurl,name,category_merit_badge) values(64,'Muzyka-i-ekspresja_15_3_CzlowiekOrkiestra.png','Człowiek orkiestra',2);
INSERT INTO merit_badge(id,imageurl,name,category_merit_badge) values(65,'Muzyka-i-ekspresja_18_1_Debiutant.png','Debiutant',2);
INSERT INTO merit_badge(id,imageurl,name,category_merit_badge) values(66,'Muzyka-i-ekspresja_18_2_Gawedziarz.png','Gawędziarz',2);
INSERT INTO merit_badge(id,imageurl,name,category_merit_badge) values(67,'Muzyka-i-ekspresja_14_3_Mistrz_gitary.png','Gitarzysta',2);
INSERT INTO merit_badge(id,imageurl,name,category_merit_badge) values(68,'Muzyka-i-ekspresja_14_2_Gitarzysta.png','Grajek',2);
INSERT INTO merit_badge(id,imageurl,name,category_merit_badge) values(69,'Muzyka-i-ekspresja_17_1_Holubiec.png','Hołubiec',2);
INSERT INTO merit_badge(id,imageurl,name,category_merit_badge) values(70,'Muzyka-i-ekspresja_15_3_Improwizator.png','Improwizator',2);
INSERT INTO merit_badge(id,imageurl,name,category_merit_badge) values(71,'Muzyka-i-ekspresja_15_2_Instrumentalista.png','Instrumentalista',2);
INSERT INTO merit_badge(id,imageurl,name,category_merit_badge) values(72,'Muzyka-i-ekspresja_18_2_Komediant.png','Komediant',2);
INSERT INTO merit_badge(id,imageurl,name,category_merit_badge) values(73,'Muzyka-i-ekspresja_17_3_KrolParkietu.png','Król parkietu',2);
INSERT INTO merit_badge(id,imageurl,name,category_merit_badge) values(74,'Muzyka-i-ekspresja_18_3_Mowca.png','Mówca',2);
INSERT INTO merit_badge(id,imageurl,name,category_merit_badge) values(75,'Muzyka-i-ekspresja_15_3_Perkusista.png','Perkusista',2);
INSERT INTO merit_badge(id,imageurl,name,category_merit_badge) values(76,'Muzyka-i-ekspresja_14_1_Grajek.png','Szarpidrut ',2);
INSERT INTO merit_badge(id,imageurl,name,category_merit_badge) values(77,'Muzyka-i-ekspresja_16_1_Zapiewajło.png','Śpiewak',2);
INSERT INTO merit_badge(id,imageurl,name,category_merit_badge) values(78,'Muzyka-i-ekspresja_15_3_Wirtuoz.png','Wirtuoz',2);
INSERT INTO merit_badge(id,imageurl,name,category_merit_badge) values(79,'Muzyka-i-ekspresja_16_3_Wodzirej.png','Wodzirej',2);
INSERT INTO merit_badge(id,imageurl,name,category_merit_badge) values(80,'Muzyka-i-ekspresja_16_3_Wokalista.png','Wokalista',2);
INSERT INTO merit_badge(id,imageurl,name,category_merit_badge) values(81,'Muzyka-i-ekspresja_15_2_Akompaniator.png','Akompaniator',2);
INSERT INTO merit_badge(id,imageurl,name,category_merit_badge) values(82,'Muzyka-i-ekspresja_18_3_Aktor.png','Aktor',2);
INSERT INTO merit_badge(id,imageurl,name,category_merit_badge) values(83,'Muzyka-i-ekspresja_15_2_Walibeben.png','Bębniarz',2);
INSERT INTO merit_badge(id,imageurl,name,category_merit_badge) values(84,'Muzyka-i-ekspresja_15_3_CzlowiekOrkiestra.png','Człowiek orkiestra',2);
INSERT INTO merit_badge(id,imageurl,name,category_merit_badge) values(85,'Muzyka-i-ekspresja_18_1_Debiutant.png','Debiutant',2);
INSERT INTO merit_badge(id,imageurl,name,category_merit_badge) values(86,'Muzyka-i-ekspresja_18_2_Gawedziarz.png','Gawędziarz',2);
INSERT INTO merit_badge(id,imageurl,name,category_merit_badge) values(87,'Muzyka-i-ekspresja_14_3_Mistrz_gitary.png','Gitarzysta',2);
INSERT INTO merit_badge(id,imageurl,name,category_merit_badge) values(88,'Muzyka-i-ekspresja_14_2_Gitarzysta.png','Grajek',2);
INSERT INTO merit_badge(id,imageurl,name,category_merit_badge) values(89,'Muzyka-i-ekspresja_17_1_Holubiec.png','Hołubiec',2);
INSERT INTO merit_badge(id,imageurl,name,category_merit_badge) values(90,'Muzyka-i-ekspresja_15_3_Improwizator.png','Improwizator',2);
INSERT INTO merit_badge(id,imageurl,name,category_merit_badge) values(91,'Muzyka-i-ekspresja_15_2_Instrumentalista.png','Instrumentalista',2);
INSERT INTO merit_badge(id,imageurl,name,category_merit_badge) values(92,'Muzyka-i-ekspresja_18_2_Komediant.png','Komediant',2);
INSERT INTO merit_badge(id,imageurl,name,category_merit_badge) values(93,'Muzyka-i-ekspresja_17_3_KrolParkietu.png','Król parkietu',2);
INSERT INTO merit_badge(id,imageurl,name,category_merit_badge) values(94,'Muzyka-i-ekspresja_18_3_Mowca.png','Mówca',2);
INSERT INTO merit_badge(id,imageurl,name,category_merit_badge) values(95,'Muzyka-i-ekspresja_15_3_Perkusista.png','Perkusista',2);
INSERT INTO merit_badge(id,imageurl,name,category_merit_badge) values(96,'Muzyka-i-ekspresja_14_1_Grajek.png','Szarpidrut ',2);
INSERT INTO merit_badge(id,imageurl,name,category_merit_badge) values(97,'Muzyka-i-ekspresja_16_1_Zapiewajło.png','Śpiewak',2);
INSERT INTO merit_badge(id,imageurl,name,category_merit_badge) values(98,'Muzyka-i-ekspresja_15_3_Wirtuoz.png','Wirtuoz',2);
INSERT INTO merit_badge(id,imageurl,name,category_merit_badge) values(99,'Muzyka-i-ekspresja_16_3_Wodzirej.png','Wodzirej',2);
INSERT INTO merit_badge(id,imageurl,name,category_merit_badge) values(100,'Muzyka-i-ekspresja_16_3_Wokalista.png','Wokalista',2);
INSERT INTO merit_badge(id,imageurl,name,category_merit_badge) values(101,'Muzyka-i-ekspresja_16_2_Spiewak.png','Zapiewajło',2);
INSERT INTO merit_badge(id,imageurl,name,category_merit_badge) values(102,'Sport-turystyka-i-krajoznawstwo_25_3_Akrobata.png','Akrobata',3);
INSERT INTO merit_badge(id,imageurl,name,category_merit_badge) values(103,'Sport-turystyka-i-krajoznawstwo_27_3_Biegacz.png','Biegacz',3);
INSERT INTO merit_badge(id,imageurl,name,category_merit_badge) values(104,'Sport-turystyka-i-krajoznawstwo_24_2_Cyklista.png','Cyklista',3);
INSERT INTO merit_badge(id,imageurl,name,category_merit_badge) values(105,'Sport-turystyka-i-krajoznawstwo_21_3_Delfin.png','Delfin',3);
INSERT INTO merit_badge(id,imageurl,name,category_merit_badge) values(106,'Sport-turystyka-i-krajoznawstwo_26_1_Fuks.png','Fuks',3);
INSERT INTO merit_badge(id,imageurl,name,category_merit_badge) values(107,'Sport-turystyka-i-krajoznawstwo_25_1_Gibki.png','Gibki',3);
INSERT INTO merit_badge(id,imageurl,name,category_merit_badge) values(108,'Sport-turystyka-i-krajoznawstwo_25_2_Gimnastyk.png','Gimnastyk',3);
INSERT INTO merit_badge(id,imageurl,name,category_merit_badge) values(109,'Sport-turystyka-i-krajoznawstwo_22_2_Kajakarz.png','Kajakarz',3);
INSERT INTO merit_badge(id,imageurl,name,category_merit_badge) values(110,'Sport-turystyka-i-krajoznawstwo_22_3_Kajakarz_doskonały.png','Kajakarz doskonały',3);
INSERT INTO merit_badge(id,imageurl,name,category_merit_badge) values(111,'Sport-turystyka-i-krajoznawstwo_23_3_Kajakarz_gorski.png','Kajakarz górski',3);
INSERT INTO merit_badge(id,imageurl,name,category_merit_badge) values(112,'Sport-turystyka-i-krajoznawstwo_21_1_Kijanka.png','Kijanka',3);
INSERT INTO merit_badge(id,imageurl,name,category_merit_badge) values(113,'Sport-turystyka-i-krajoznawstwo_30_1_Chwyt.png','Klama',3);
INSERT INTO merit_badge(id,imageurl,name,category_merit_badge) values(114,'Sport-turystyka-i-krajoznawstwo_24_3_Kolarz.png','Kolarz',3);
INSERT INTO merit_badge(id,imageurl,name,category_merit_badge) values(115,'Sport-turystyka-i-krajoznawstwo_24_4_Kurier_rowerowy.png','Kurier rowerowy',3);
INSERT INTO merit_badge(id,imageurl,name,category_merit_badge) values(116,'Sport-turystyka-i-krajoznawstwo_19_1_Lazik.png','Łazik',3);
INSERT INTO merit_badge(id,imageurl,name,category_merit_badge) values(117,'Sport-turystyka-i-krajoznawstwo_29_2_Piruet.png','Łyżwiarz',3);
INSERT INTO merit_badge(id,imageurl,name,category_merit_badge) values(118,'Sport-turystyka-i-krajoznawstwo_29_3_Lyzwiarz.png','Łyżwiarz doskonały',3);
INSERT INTO merit_badge(id,imageurl,name,category_merit_badge) values(119,'Sport-turystyka-i-krajoznawstwo_23_2_Szotmen.png','Młodszy sternik',3);
INSERT INTO merit_badge(id,imageurl,name,category_merit_badge) values(120,'Sport-turystyka-i-krajoznawstwo_28_3_Narciarz.png','Narciarz',3);
INSERT INTO merit_badge(id,imageurl,name,category_merit_badge) values(121,'Sport-turystyka-i-krajoznawstwo_28_3_Narciarz_biegowy.png','Nartobiegacz',3);
INSERT INTO merit_badge(id,imageurl,name,category_merit_badge) values(122,'Sport-turystyka-i-krajoznawstwo_25_3_Akrobata.png','Akrobata',3);
INSERT INTO merit_badge(id,imageurl,name,category_merit_badge) values(123,'Sport-turystyka-i-krajoznawstwo_27_3_Biegacz.png','Biegacz',3);
INSERT INTO merit_badge(id,imageurl,name,category_merit_badge) values(124,'Sport-turystyka-i-krajoznawstwo_24_2_Cyklista.png','Cyklista',3);
INSERT INTO merit_badge(id,imageurl,name,category_merit_badge) values(125,'Sport-turystyka-i-krajoznawstwo_21_3_Delfin.png','Delfin',3);
INSERT INTO merit_badge(id,imageurl,name,category_merit_badge) values(126,'Sport-turystyka-i-krajoznawstwo_26_1_Fuks.png','Fuks',3);
INSERT INTO merit_badge(id,imageurl,name,category_merit_badge) values(127,'Sport-turystyka-i-krajoznawstwo_25_1_Gibki.png','Gibki',3);
INSERT INTO merit_badge(id,imageurl,name,category_merit_badge) values(128,'Sport-turystyka-i-krajoznawstwo_25_2_Gimnastyk.png','Gimnastyk',3);
INSERT INTO merit_badge(id,imageurl,name,category_merit_badge) values(129,'Sport-turystyka-i-krajoznawstwo_22_2_Kajakarz.png','Kajakarz',3);
INSERT INTO merit_badge(id,imageurl,name,category_merit_badge) values(130,'Sport-turystyka-i-krajoznawstwo_22_3_Kajakarz_doskonały.png','Kajakarz doskonały',3);
INSERT INTO merit_badge(id,imageurl,name,category_merit_badge) values(131,'Sport-turystyka-i-krajoznawstwo_23_3_Kajakarz_gorski.png','Kajakarz górski',3);
INSERT INTO merit_badge(id,imageurl,name,category_merit_badge) values(132,'Sport-turystyka-i-krajoznawstwo_21_1_Kijanka.png','Kijanka',3);
INSERT INTO merit_badge(id,imageurl,name,category_merit_badge) values(133,'Sport-turystyka-i-krajoznawstwo_30_1_Chwyt.png','Klama',3);
INSERT INTO merit_badge(id,imageurl,name,category_merit_badge) values(134,'Sport-turystyka-i-krajoznawstwo_24_3_Kolarz.png','Kolarz',3);
INSERT INTO merit_badge(id,imageurl,name,category_merit_badge) values(135,'Sport-turystyka-i-krajoznawstwo_24_4_Kurier_rowerowy.png','Kurier rowerowy',3);
INSERT INTO merit_badge(id,imageurl,name,category_merit_badge) values(136,'Sport-turystyka-i-krajoznawstwo_19_1_Lazik.png','Łazik',3);
INSERT INTO merit_badge(id,imageurl,name,category_merit_badge) values(137,'Sport-turystyka-i-krajoznawstwo_29_2_Piruet.png','Łyżwiarz',3);
INSERT INTO merit_badge(id,imageurl,name,category_merit_badge) values(138,'Sport-turystyka-i-krajoznawstwo_29_3_Lyzwiarz.png','Łyżwiarz doskonały',3);
INSERT INTO merit_badge(id,imageurl,name,category_merit_badge) values(139,'Sport-turystyka-i-krajoznawstwo_23_2_Szotmen.png','Młodszy sternik',3);
INSERT INTO merit_badge(id,imageurl,name,category_merit_badge) values(140,'Sport-turystyka-i-krajoznawstwo_28_3_Narciarz.png','Narciarz',3);
INSERT INTO merit_badge(id,imageurl,name,category_merit_badge) values(141,'Sport-turystyka-i-krajoznawstwo_28_3_Narciarz_biegowy.png','Nartobiegacz',3);
INSERT INTO merit_badge(id,imageurl,name,category_merit_badge) values(142,'Sport-turystyka-i-krajoznawstwo_30_2_Zwis.png','Oblak',3);
INSERT INTO merit_badge(id,imageurl,name,category_merit_badge) values(143,'Sport-turystyka-i-krajoznawstwo_20_3_Organizator_Sportowy.png','Organizator sportowy',3);
INSERT INTO merit_badge(id,imageurl,name,category_merit_badge) values(144,'Sport-turystyka-i-krajoznawstwo_29_1_Ploza.png','Płoza',3);
INSERT INTO merit_badge(id,imageurl,name,category_merit_badge) values(145,'Sport-turystyka-i-krajoznawstwo_21_2_Plywak.png','Pływak',3);
INSERT INTO merit_badge(id,imageurl,name,category_merit_badge) values(146,'Sport-turystyka-i-krajoznawstwo_21_3_Plywak_doskonaly.png','Pływak doskonały',3);
INSERT INTO merit_badge(id,imageurl,name,category_merit_badge) values(147,'Sport-turystyka-i-krajoznawstwo_19_3_Przewodnik.png','Przewodnik',3);
INSERT INTO merit_badge(id,imageurl,name,category_merit_badge) values(148,'Sport-turystyka-i-krajoznawstwo_24_1_Rowerzysta.png','Rowerzysta',3);
INSERT INTO merit_badge(id,imageurl,name,category_merit_badge) values(149,'Sport-turystyka-i-krajoznawstwo_20_3_Sedzia.png','Sędzia',3);
INSERT INTO merit_badge(id,imageurl,name,category_merit_badge) values(150,'Sport-turystyka-i-krajoznawstwo_26_3_Strzelec.png','Snajper',3);
INSERT INTO merit_badge(id,imageurl,name,category_merit_badge) values(151,'Sport-turystyka-i-krajoznawstwo_28_3_Snowboardzista.png','Snowbordzista',3);
INSERT INTO merit_badge(id,imageurl,name,category_merit_badge) values(152,'Sport-turystyka-i-krajoznawstwo_20_1_Sportowiec.png','Sportowiec',3);
INSERT INTO merit_badge(id,imageurl,name,category_merit_badge) values(153,'Sport-turystyka-i-krajoznawstwo_27_2_Sprinter.png','Sprinter',3);
INSERT INTO merit_badge(id,imageurl,name,category_merit_badge) values(154,'Sport-turystyka-i-krajoznawstwo_23_3_Sternik.png','Sternik manewrowy',3);
INSERT INTO merit_badge(id,imageurl,name,category_merit_badge) values(155,'Sport-turystyka-i-krajoznawstwo_26_2_Terminator.png','Strzelec',3);
INSERT INTO merit_badge(id,imageurl,name,category_merit_badge) values(156,'Sport-turystyka-i-krajoznawstwo_23_1_Zalogant.png','Szotmen',3);
INSERT INTO merit_badge(id,imageurl,name,category_merit_badge) values(157,'Sport-turystyka-i-krajoznawstwo_28_2_Slalom.png','Szus',3);
INSERT INTO merit_badge(id,imageurl,name,category_merit_badge) values(158,'Sport-turystyka-i-krajoznawstwo_20_3_Trener.png','Trener',3);
INSERT INTO merit_badge(id,imageurl,name,category_merit_badge) values(159,'Sport-turystyka-i-krajoznawstwo_27_1_Truchcik.png','Truchcik',3);
INSERT INTO merit_badge(id,imageurl,name,category_merit_badge) values(160,'Sport-turystyka-i-krajoznawstwo_19_3_Wedrowec.png','Wędrowiec',3);
INSERT INTO merit_badge(id,imageurl,name,category_merit_badge) values(161,'Sport-turystyka-i-krajoznawstwo_19_3_WedrowiecGorski.png','Wędrowiec górski',3);
INSERT INTO merit_badge(id,imageurl,name,category_merit_badge) values(162,'Sztuka-i-technika_32_3_Administrator.png','Administrator',4);
INSERT INTO merit_badge(id,imageurl,name,category_merit_badge) values(163,'Sztuka-i-technika_38_3_Terrarysta.png','Akwarysta/terrarysta',4);
INSERT INTO merit_badge(id,imageurl,name,category_merit_badge) values(164,'Sztuka-i-technika_36_3_Animator.png','Animator',4);
INSERT INTO merit_badge(id,imageurl,name,category_merit_badge) values(165,'Sztuka-i-technika_33_3_Architekt.png','Architekt',4);
INSERT INTO merit_badge(id,imageurl,name,category_merit_badge) values(166,'Sztuka-i-technika_37_3_Cukiermistrz.png','Cukiermistrz',4);
INSERT INTO merit_badge(id,imageurl,name,category_merit_badge) values(167,'Sztuka-i-technika_37_2_Cukiernik.png','Cukiernik',4);
INSERT INTO merit_badge(id,imageurl,name,category_merit_badge) values(168,'Sztuka-i-technika_32_3_Developer.png','Deweloper',4);
INSERT INTO merit_badge(id,imageurl,name,category_merit_badge) values(169,'Sztuka-i-technika_31_1_Diodak.png','Diodak',4);
INSERT INTO merit_badge(id,imageurl,name,category_merit_badge) values(170,'Sztuka-i-technika_32_2_Elektronik.png','Elektronik',4);
INSERT INTO merit_badge(id,imageurl,name,category_merit_badge) values(171,'Sztuka-i-technika_33_3_Elektrotechnik.png','Elektrotechnik',4);
INSERT INTO merit_badge(id,imageurl,name,category_merit_badge) values(172,'Sztuka-i-technika_33_2_Elektryk.png','Elektryk',4);
INSERT INTO merit_badge(id,imageurl,name,category_merit_badge) values(173,'Sztuka-i-technika_36_2_Filmowiec.png','Filmowiec',4);
INSERT INTO merit_badge(id,imageurl,name,category_merit_badge) values(174,'Sztuka-i-technika_35_2_Fotograf.png','Fotograf',4);
INSERT INTO merit_badge(id,imageurl,name,category_merit_badge) values(175,'Sztuka-i-technika_35_3_Fotografik.png','Fotografik',4);
INSERT INTO merit_badge(id,imageurl,name,category_merit_badge) values(176,'Sztuka-i-technika_34_2_Grafik.png','Grafik',4);
INSERT INTO merit_badge(id,imageurl,name,category_merit_badge) values(177,'Sztuka-i-technika_38_2_Opiekun_Zwierzat.png','Hodowca',4);
INSERT INTO merit_badge(id,imageurl,name,category_merit_badge) values(178,'Sztuka-i-technika_34_3_Ilustrator.png','Ilustrator',4);
INSERT INTO merit_badge(id,imageurl,name,category_merit_badge) values(179,'Sztuka-i-technika_33_3_Inzynier.png','Inżynier',4);
INSERT INTO merit_badge(id,imageurl,name,category_merit_badge) values(180,'Sztuka-i-technika_36_1_Klaps.png','Klaps',4);
INSERT INTO merit_badge(id,imageurl,name,category_merit_badge) values(181,'Sztuka-i-technika_32_1_Koder.png','Koder',4);
INSERT INTO merit_badge(id,imageurl,name,category_merit_badge) values(182,'Sztuka-i-technika_32_3_Administrator.png','Administrator',4);
INSERT INTO merit_badge(id,imageurl,name,category_merit_badge) values(183,'Sztuka-i-technika_38_3_Terrarysta.png','Akwarysta/terrarysta',4);
INSERT INTO merit_badge(id,imageurl,name,category_merit_badge) values(184,'Sztuka-i-technika_36_3_Animator.png','Animator',4);
INSERT INTO merit_badge(id,imageurl,name,category_merit_badge) values(185,'Sztuka-i-technika_33_3_Architekt.png','Architekt',4);
INSERT INTO merit_badge(id,imageurl,name,category_merit_badge) values(186,'Sztuka-i-technika_37_3_Cukiermistrz.png','Cukiermistrz',4);
INSERT INTO merit_badge(id,imageurl,name,category_merit_badge) values(187,'Sztuka-i-technika_37_2_Cukiernik.png','Cukiernik',4);
INSERT INTO merit_badge(id,imageurl,name,category_merit_badge) values(188,'Sztuka-i-technika_32_3_Developer.png','Deweloper',4);
INSERT INTO merit_badge(id,imageurl,name,category_merit_badge) values(189,'Sztuka-i-technika_31_1_Diodak.png','Diodak',4);
INSERT INTO merit_badge(id,imageurl,name,category_merit_badge) values(190,'Sztuka-i-technika_32_2_Elektronik.png','Elektronik',4);
INSERT INTO merit_badge(id,imageurl,name,category_merit_badge) values(191,'Sztuka-i-technika_33_3_Elektrotechnik.png','Elektrotechnik',4);
INSERT INTO merit_badge(id,imageurl,name,category_merit_badge) values(192,'Sztuka-i-technika_33_2_Elektryk.png','Elektryk',4);
INSERT INTO merit_badge(id,imageurl,name,category_merit_badge) values(193,'Sztuka-i-technika_36_2_Filmowiec.png','Filmowiec',4);
INSERT INTO merit_badge(id,imageurl,name,category_merit_badge) values(194,'Sztuka-i-technika_35_2_Fotograf.png','Fotograf',4);
INSERT INTO merit_badge(id,imageurl,name,category_merit_badge) values(195,'Sztuka-i-technika_35_3_Fotografik.png','Fotografik',4);
INSERT INTO merit_badge(id,imageurl,name,category_merit_badge) values(196,'Sztuka-i-technika_34_2_Grafik.png','Grafik',4);
INSERT INTO merit_badge(id,imageurl,name,category_merit_badge) values(197,'Sztuka-i-technika_38_2_Opiekun_Zwierzat.png','Hodowca',4);
INSERT INTO merit_badge(id,imageurl,name,category_merit_badge) values(198,'Sztuka-i-technika_34_3_Ilustrator.png','Ilustrator',4);
INSERT INTO merit_badge(id,imageurl,name,category_merit_badge) values(199,'Sztuka-i-technika_33_3_Inzynier.png','Inżynier',4);
INSERT INTO merit_badge(id,imageurl,name,category_merit_badge) values(200,'Sztuka-i-technika_36_1_Klaps.png','Klaps',4);
INSERT INTO merit_badge(id,imageurl,name,category_merit_badge) values(201,'Sztuka-i-technika_32_1_Koder.png','Koder',4);
INSERT INTO merit_badge(id,imageurl,name,category_merit_badge) values(202,'Sztuka-i-technika_33_3_Komputerowiec.png','Komputerowiec',4);
INSERT INTO merit_badge(id,imageurl,name,category_merit_badge) values(203,'Sztuka-i-technika_33_2_Kreslarz.png','Kreślarz',4);
INSERT INTO merit_badge(id,imageurl,name,category_merit_badge) values(204,'Sztuka-i-technika_37_2_Kucharz.png','Kucharz',4);
INSERT INTO merit_badge(id,imageurl,name,category_merit_badge) values(205,'Sztuka-i-technika_37_1_Kuchcik.png','Kuchcik',4);
INSERT INTO merit_badge(id,imageurl,name,category_merit_badge) values(206,'Sztuka-i-technika_37_3_Kuchmistrz.png','Kuchmistrz',4);
INSERT INTO merit_badge(id,imageurl,name,category_merit_badge) values(207,'Sztuka-i-technika_33_1_Majster.png','Majster',4);
INSERT INTO merit_badge(id,imageurl,name,category_merit_badge) values(208,'Sztuka-i-technika_33_3_Mechanik.png','Mechanik',4);
INSERT INTO merit_badge(id,imageurl,name,category_merit_badge) values(209,'Sztuka-i-technika_35_1_Pstryk.png','Migawka',4);
INSERT INTO merit_badge(id,imageurl,name,category_merit_badge) values(210,'Sztuka-i-technika_38_3_Mistrz_Chowu.png','Mistrz chowu',4);
INSERT INTO merit_badge(id,imageurl,name,category_merit_badge) values(211,'Sztuka-i-technika_34_3_Modelarz.png','Modelarz',4);
INSERT INTO merit_badge(id,imageurl,name,category_merit_badge) values(212,'Sztuka-i-technika_39_1_Ogrodnik.png','Ogrodnik',4);
INSERT INTO merit_badge(id,imageurl,name,category_merit_badge) values(213,'Sztuka-i-technika_36_3_Operator.png','Operator',4);
INSERT INTO merit_badge(id,imageurl,name,category_merit_badge) values(214,'Sztuka-i-technika_38_1_Hodowca.png','Opiekun zwierząt',4);
INSERT INTO merit_badge(id,imageurl,name,category_merit_badge) values(215,'Sztuka-i-technika_39_3_Plantator.png','Plantator',4);
INSERT INTO merit_badge(id,imageurl,name,category_merit_badge) values(216,'Sztuka-i-technika_34_1_Plastyk.png','Plastyk',4);
INSERT INTO merit_badge(id,imageurl,name,category_merit_badge) values(217,'Sztuka-i-technika_32_2_Programista.png','Programista',4);
INSERT INTO merit_badge(id,imageurl,name,category_merit_badge) values(218,'Sztuka-i-technika_37_3_Przetwornik.png','Przetwornik',4);
INSERT INTO merit_badge(id,imageurl,name,category_merit_badge) values(219,'Sztuka-i-technika_36_3_Rezyser.png','Reżyser',4);
INSERT INTO merit_badge(id,imageurl,name,category_merit_badge) values(220,'Sztuka-i-technika_34_2_Rekodzielnik.png','Rękodzielnik',4);
INSERT INTO merit_badge(id,imageurl,name,category_merit_badge) values(221,'Sztuka-i-technika_33_3_Robotyk.png','Robotyk',4);
INSERT INTO merit_badge(id,imageurl,name,category_merit_badge) values(222,'Nauka-i-kultura_49_3_Arcymistrz.png','Arcymistrz',5);
INSERT INTO merit_badge(id,imageurl,name,category_merit_badge) values(223,'Nauka-i-kultura_41_2_Astronom.png','Astronom',5);
INSERT INTO merit_badge(id,imageurl,name,category_merit_badge) values(224,'Nauka-i-kultura_44_2_Szperacz.png','Badacz',5);
INSERT INTO merit_badge(id,imageurl,name,category_merit_badge) values(225,'Nauka-i-kultura_40_2_Biolog.png','Biolog',5);
INSERT INTO merit_badge(id,imageurl,name,category_merit_badge) values(226,'Nauka-i-kultura_40_2_Chemik.png','Chemik',5);
INSERT INTO merit_badge(id,imageurl,name,category_merit_badge) values(227,'Nauka-i-kultura_40_1_Eksperymentator.png','Eksperymentator',5);
INSERT INTO merit_badge(id,imageurl,name,category_merit_badge) values(228,'Nauka-i-kultura_40_2_Fizyk.png','Fizyk',5);
INSERT INTO merit_badge(id,imageurl,name,category_merit_badge) values(229,'Nauka-i-kultura_49_1_Harcownik.png','Harcownik',5);
INSERT INTO merit_badge(id,imageurl,name,category_merit_badge) values(230,'Nauka-i-kultura_43_3_Historyk.png','Historyk',5);
INSERT INTO merit_badge(id,imageurl,name,category_merit_badge) values(231,'Nauka-i-kultura_48_2_Hobbysta.png','Hobbysta',5);
INSERT INTO merit_badge(id,imageurl,name,category_merit_badge) values(232,'Nauka-i-kultura_43_3_Kaligraf.png','Kaligraf',5);
INSERT INTO merit_badge(id,imageurl,name,category_merit_badge) values(233,'Nauka-i-kultura_48_3_Kolekcjoner.png','Kolekcjoner',5);
INSERT INTO merit_badge(id,imageurl,name,category_merit_badge) values(234,'Nauka-i-kultura_41_3_Kopernik.png','Kopernik',5);
INSERT INTO merit_badge(id,imageurl,name,category_merit_badge) values(235,'Nauka-i-kultura_43_2_Kopista.png','Kopista',5);
INSERT INTO merit_badge(id,imageurl,name,category_merit_badge) values(236,'Nauka-i-kultura_43_2_Kronikarz.png','Kronikarz',5);
INSERT INTO merit_badge(id,imageurl,name,category_merit_badge) values(237,'Nauka-i-kultura_47_3_Poliglota.png','Lingwista',5);
INSERT INTO merit_badge(id,imageurl,name,category_merit_badge) values(238,'Nauka-i-kultura_40_3_Linneusz.png','Linneusz',5);
INSERT INTO merit_badge(id,imageurl,name,category_merit_badge) values(239,'Nauka-i-kultura_46_3_Mediator.png','Mediator',5);
INSERT INTO merit_badge(id,imageurl,name,category_merit_badge) values(240,'Nauka-i-kultura_40_3_Mendelejew.png','Mendelejew',5);
INSERT INTO merit_badge(id,imageurl,name,category_merit_badge) values(241,'Nauka-i-kultura_02_Meteorolog.png','Meteorolog',5);
INSERT INTO merit_badge(id,imageurl,name,category_merit_badge) values(242,'Nauka-i-kultura_49_3_Arcymistrz.png','Arcymistrz',5);
INSERT INTO merit_badge(id,imageurl,name,category_merit_badge) values(243,'Nauka-i-kultura_41_2_Astronom.png','Astronom',5);
INSERT INTO merit_badge(id,imageurl,name,category_merit_badge) values(244,'Nauka-i-kultura_44_2_Szperacz.png','Badacz',5);
INSERT INTO merit_badge(id,imageurl,name,category_merit_badge) values(245,'Nauka-i-kultura_40_2_Biolog.png','Biolog',5);
INSERT INTO merit_badge(id,imageurl,name,category_merit_badge) values(246,'Nauka-i-kultura_40_2_Chemik.png','Chemik',5);
INSERT INTO merit_badge(id,imageurl,name,category_merit_badge) values(247,'Nauka-i-kultura_40_1_Eksperymentator.png','Eksperymentator',5);
INSERT INTO merit_badge(id,imageurl,name,category_merit_badge) values(248,'Nauka-i-kultura_40_2_Fizyk.png','Fizyk',5);
INSERT INTO merit_badge(id,imageurl,name,category_merit_badge) values(249,'Nauka-i-kultura_49_1_Harcownik.png','Harcownik',5);
INSERT INTO merit_badge(id,imageurl,name,category_merit_badge) values(250,'Nauka-i-kultura_43_3_Historyk.png','Historyk',5);
INSERT INTO merit_badge(id,imageurl,name,category_merit_badge) values(251,'Nauka-i-kultura_48_2_Hobbysta.png','Hobbysta',5);
INSERT INTO merit_badge(id,imageurl,name,category_merit_badge) values(252,'Nauka-i-kultura_43_3_Kaligraf.png','Kaligraf',5);
INSERT INTO merit_badge(id,imageurl,name,category_merit_badge) values(253,'Nauka-i-kultura_48_3_Kolekcjoner.png','Kolekcjoner',5);
INSERT INTO merit_badge(id,imageurl,name,category_merit_badge) values(254,'Nauka-i-kultura_41_3_Kopernik.png','Kopernik',5);
INSERT INTO merit_badge(id,imageurl,name,category_merit_badge) values(255,'Nauka-i-kultura_43_2_Kopista.png','Kopista',5);
INSERT INTO merit_badge(id,imageurl,name,category_merit_badge) values(256,'Nauka-i-kultura_43_2_Kronikarz.png','Kronikarz',5);
INSERT INTO merit_badge(id,imageurl,name,category_merit_badge) values(257,'Nauka-i-kultura_47_3_Poliglota.png','Lingwista',5);
INSERT INTO merit_badge(id,imageurl,name,category_merit_badge) values(258,'Nauka-i-kultura_40_3_Linneusz.png','Linneusz',5);
INSERT INTO merit_badge(id,imageurl,name,category_merit_badge) values(259,'Nauka-i-kultura_46_3_Mediator.png','Mediator',5);
INSERT INTO merit_badge(id,imageurl,name,category_merit_badge) values(260,'Nauka-i-kultura_40_3_Mendelejew.png','Mendelejew',5);
INSERT INTO merit_badge(id,imageurl,name,category_merit_badge) values(261,'Nauka-i-kultura_02_Meteorolog.png','Meteorolog',5);
INSERT INTO merit_badge(id,imageurl,name,category_merit_badge) values(262,'Nauka-i-kultura_44_3_Moderator.png','Moderator',5);
INSERT INTO merit_badge(id,imageurl,name,category_merit_badge) values(263,'Nauka-i-kultura_40_3_Newton.png','Newton',5);
INSERT INTO merit_badge(id,imageurl,name,category_merit_badge) values(264,'Nauka-i-kultura_08_2_Niewidzialna_reka.png','Niewidzialna ręka',5);
INSERT INTO merit_badge(id,imageurl,name,category_merit_badge) values(265,'Nauka-i-kultura_41_1_ObserwatorNieba.png','Obserwator nieba',5);
INSERT INTO merit_badge(id,imageurl,name,category_merit_badge) values(266,'Nauka-i-kultura_08_3_Obywatel.png','Obywatel',5);
INSERT INTO merit_badge(id,imageurl,name,category_merit_badge) values(267,'Nauka-i-kultura_49_3_TworcaGierTerenowych.png','Organizator gier terenowych',5);
INSERT INTO merit_badge(id,imageurl,name,category_merit_badge) values(268,'Nauka-i-kultura_42_1_Pioro.png','Pióro',5);
INSERT INTO merit_badge(id,imageurl,name,category_merit_badge) values(269,'Nauka-i-kultura_42_2_Pisarz.png','Pisarz',5);
INSERT INTO merit_badge(id,imageurl,name,category_merit_badge) values(270,'Nauka-i-kultura_42_3_Poeta.png','Poeta',5);
INSERT INTO merit_badge(id,imageurl,name,category_merit_badge) values(271,'Nauka-i-kultura_42_3_Popularyzator.png','Popularyzator',5);
INSERT INTO merit_badge(id,imageurl,name,category_merit_badge) values(272,'Nauka-i-kultura_44_1_Poszukiwacz.png','Poszukiwacz',5);
INSERT INTO merit_badge(id,imageurl,name,category_merit_badge) values(273,'Nauka-i-kultura_42_3_Powiesciopisarz.png','Powieściopisarz',5);
INSERT INTO merit_badge(id,imageurl,name,category_merit_badge) values(274,'Nauka-i-kultura_43_3_Reporter.png','Reporter',5);
INSERT INTO merit_badge(id,imageurl,name,category_merit_badge) values(275,'Nauka-i-kultura_46_2_Rozjemca.png','Rozjemca',5);
INSERT INTO merit_badge(id,imageurl,name,category_merit_badge) values(276,'Nauka-i-kultura_47_1_Lingwista.png','Rozmówka',5);
INSERT INTO merit_badge(id,imageurl,name,category_merit_badge) values(277,'Nauka-i-kultura_42_3_Scenarzysta.png','Scenarzysta',5);
INSERT INTO merit_badge(id,imageurl,name,category_merit_badge) values(278,'Nauka-i-kultura_43_1_Skryba.png','Skryba',5);
INSERT INTO merit_badge(id,imageurl,name,category_merit_badge) values(279,'Nauka-i-kultura_44_3_Badacz.png','Socjolog',5);
INSERT INTO merit_badge(id,imageurl,name,category_merit_badge) values(280,'Nauka-i-kultura_49_2_Strateg.png','Strateg',5);
INSERT INTO merit_badge(id,imageurl,name,category_merit_badge) values(281,'Nauka-i-kultura_08_1_Swojak.png','Swojak',5);
INSERT INTO merit_badge(id,imageurl,name,category_merit_badge) values(282,'Duch-i-charakter_51_1_Biblista.png','Biblista',6);
INSERT INTO merit_badge(id,imageurl,name,category_merit_badge) values(283,'Duch-i-charakter_53_1_ChudyJastrzab.png','Chudy jastrząb',6);
INSERT INTO merit_badge(id,imageurl,name,category_merit_badge) values(284,'Duch-i-charakter_53_2_CzarnaPantera.png','Czarna pantera',6);
INSERT INTO merit_badge(id,imageurl,name,category_merit_badge) values(285,'Duch-i-charakter_54_2_Glaz.png','Głaz',6);
INSERT INTO merit_badge(id,imageurl,name,category_merit_badge) values(286,'Duch-i-charakter_52_1_Iskra.png','Iskra',6);
INSERT INTO merit_badge(id,imageurl,name,category_merit_badge) values(287,'Duch-i-charakter_54_1_Kamyk.png','Kamyk',6);
INSERT INTO merit_badge(id,imageurl,name,category_merit_badge) values(288,'Duch-i-charakter_51_3_Lektor.png','Lektor',6);
INSERT INTO merit_badge(id,imageurl,name,category_merit_badge) values(289,'Duch-i-charakter_51_2_Librysta.png','Librysta',6);
INSERT INTO merit_badge(id,imageurl,name,category_merit_badge) values(290,'Duch-i-charakter_50_3_Psałterzysta.png','Liturgista',6);
INSERT INTO merit_badge(id,imageurl,name,category_merit_badge) values(291,'Duch-i-charakter_52_3_Luczywo.png','Łuczywo',6);
INSERT INTO merit_badge(id,imageurl,name,category_merit_badge) values(292,'Duch-i-charakter_50_1_Ministrant.png','Ministrant',6);
INSERT INTO merit_badge(id,imageurl,name,category_merit_badge) values(293,'Duch-i-charakter_50_2_Ministrant_oltarza.png','Ministrant ołtarza',6);
INSERT INTO merit_badge(id,imageurl,name,category_merit_badge) values(294,'Duch-i-charakter_52_3_Pielgrzym.png','Pielgrzym',6);
INSERT INTO merit_badge(id,imageurl,name,category_merit_badge) values(295,'Duch-i-charakter_54_3_Skala.png','Skała',6);
INSERT INTO merit_badge(id,imageurl,name,category_merit_badge) values(296,'Duch-i-charakter_53_3_StaryWilk.png','Stary wilk',6);
INSERT INTO merit_badge(id,imageurl,name,category_merit_badge) values(297,'Duch-i-charakter_52_2_Zagiew.png','Żagiew',6);
INSERT INTO merit_badge(id,imageurl,name,category_merit_badge) values(298,'Duch-i-charakter_51_1_Biblista.png','Biblista',6);
INSERT INTO merit_badge(id,imageurl,name,category_merit_badge) values(299,'Duch-i-charakter_53_1_ChudyJastrzab.png','Chudy jastrząb',6);
INSERT INTO merit_badge(id,imageurl,name,category_merit_badge) values(300,'Duch-i-charakter_53_2_CzarnaPantera.png','Czarna pantera',6);
INSERT INTO merit_badge(id,imageurl,name,category_merit_badge) values(301,'Duch-i-charakter_54_2_Glaz.png','Głaz',6);
INSERT INTO merit_badge(id,imageurl,name,category_merit_badge) values(302,'Duch-i-charakter_52_1_Iskra.png','Iskra',6);
INSERT INTO merit_badge(id,imageurl,name,category_merit_badge) values(303,'Duch-i-charakter_54_1_Kamyk.png','Kamyk',6);
INSERT INTO merit_badge(id,imageurl,name,category_merit_badge) values(304,'Duch-i-charakter_51_3_Lektor.png','Lektor',6);
INSERT INTO merit_badge(id,imageurl,name,category_merit_badge) values(305,'Duch-i-charakter_51_2_Librysta.png','Librysta',6);
INSERT INTO merit_badge(id,imageurl,name,category_merit_badge) values(306,'Duch-i-charakter_50_3_Psałterzysta.png','Liturgista',6);
INSERT INTO merit_badge(id,imageurl,name,category_merit_badge) values(307,'Duch-i-charakter_52_3_Luczywo.png','Łuczywo',6);
INSERT INTO merit_badge(id,imageurl,name,category_merit_badge) values(308,'Duch-i-charakter_50_1_Ministrant.png','Ministrant',6);
INSERT INTO merit_badge(id,imageurl,name,category_merit_badge) values(309,'Duch-i-charakter_50_2_Ministrant_oltarza.png','Ministrant ołtarza',6);
INSERT INTO merit_badge(id,imageurl,name,category_merit_badge) values(310,'Duch-i-charakter_52_3_Pielgrzym.png','Pielgrzym',6);
INSERT INTO merit_badge(id,imageurl,name,category_merit_badge) values(311,'Duch-i-charakter_54_3_Skala.png','Skała',6);
INSERT INTO merit_badge(id,imageurl,name,category_merit_badge) values(312,'Duch-i-charakter_53_3_StaryWilk.png','Stary wilk',6);
INSERT INTO merit_badge(id,imageurl,name,category_merit_badge) values(313,'Duch-i-charakter_52_2_Zagiew.png','Żagiew',6);
INSERT INTO merit_badge(id,imageurl,name,category_merit_badge) values(314,'Duch-i-charakter_51_1_Biblista.png','Biblista',6);
INSERT INTO merit_badge(id,imageurl,name,category_merit_badge) values(315,'Duch-i-charakter_53_1_ChudyJastrzab.png','Chudy jastrząb',6);
INSERT INTO merit_badge(id,imageurl,name,category_merit_badge) values(316,'Duch-i-charakter_53_2_CzarnaPantera.png','Czarna pantera',6);
INSERT INTO merit_badge(id,imageurl,name,category_merit_badge) values(317,'Duch-i-charakter_54_2_Glaz.png','Głaz',6);
INSERT INTO merit_badge(id,imageurl,name,category_merit_badge) values(318,'Duch-i-charakter_52_1_Iskra.png','Iskra',6);
INSERT INTO merit_badge(id,imageurl,name,category_merit_badge) values(319,'Duch-i-charakter_54_1_Kamyk.png','Kamyk',6);
INSERT INTO merit_badge(id,imageurl,name,category_merit_badge) values(320,'Duch-i-charakter_51_3_Lektor.png','Lektor',6);
INSERT INTO merit_badge(id,imageurl,name,category_merit_badge) values(321,'Duch-i-charakter_51_2_Librysta.png','Librysta',6);
INSERT INTO merit_badge(id,imageurl,name,category_merit_badge) values(322,'Duch-i-charakter_50_3_Psałterzysta.png','Liturgista',6);
INSERT INTO merit_badge(id,imageurl,name,category_merit_badge) values(323,'Duch-i-charakter_52_3_Luczywo.png','Łuczywo',6);
INSERT INTO merit_badge(id,imageurl,name,category_merit_badge) values(324,'Duch-i-charakter_50_1_Ministrant.png','Ministrant',6);
INSERT INTO merit_badge(id,imageurl,name,category_merit_badge) values(325,'Duch-i-charakter_50_2_Ministrant_oltarza.png','Ministrant ołtarza',6);
INSERT INTO merit_badge(id,imageurl,name,category_merit_badge) values(326,'Duch-i-charakter_52_3_Pielgrzym.png','Pielgrzym',6);
INSERT INTO merit_badge(id,imageurl,name,category_merit_badge) values(327,'Duch-i-charakter_54_3_Skala.png','Skała',6);
INSERT INTO merit_badge(id,imageurl,name,category_merit_badge) values(328,'Duch-i-charakter_53_3_StaryWilk.png','Stary wilk',6);
INSERT INTO merit_badge(id,imageurl,name,category_merit_badge) values(329,'Duch-i-charakter_52_2_Zagiew.png','Żagiew',6);
INSERT INTO merit_badge(id,imageurl,name,category_merit_badge) values(330,'Proby_Asceta.png','Asceta',7);
INSERT INTO merit_badge(id,imageurl,name,category_merit_badge) values(331,'Proby_Camino.png','Camino',7);
INSERT INTO merit_badge(id,imageurl,name,category_merit_badge) values(332,'Proby_Dromader.png','Dromader',7);
INSERT INTO merit_badge(id,imageurl,name,category_merit_badge) values(333,'Proby_Korona_gór.png','Korona gór',7);
INSERT INTO merit_badge(id,imageurl,name,category_merit_badge) values(334,'Proby_Łowca.png','Łowca',7);
INSERT INTO merit_badge(id,imageurl,name,category_merit_badge) values(335,'Proby_Maratończyk.png','Maratończyk',7);
INSERT INTO merit_badge(id,imageurl,name,category_merit_badge) values(336,'Proby_Spec.png','Spec',7);
INSERT INTO merit_badge(id,imageurl,name,category_merit_badge) values(337,'Proby_Szczwany_lis.png','Szczwany lis',7);
INSERT INTO merit_badge(id,imageurl,name,category_merit_badge) values(338,'Proby_Trzy_pióra.png','Trzy pióra',7);
INSERT INTO merit_badge(id,imageurl,name,category_merit_badge) values(339,'Proby_Viral.png','Viral',7);
INSERT INTO merit_badge(id,imageurl,name,category_merit_badge) values(340,'Proby_Wieszcz.png','Wieszcz',7);
INSERT INTO merit_badge(id,imageurl,name,category_merit_badge) values(341,'Proby_Asceta.png','Asceta',7);
INSERT INTO merit_badge(id,imageurl,name,category_merit_badge) values(342,'Proby_Camino.png','Camino',7);
INSERT INTO merit_badge(id,imageurl,name,category_merit_badge) values(343,'Proby_Dromader.png','Dromader',7);
INSERT INTO merit_badge(id,imageurl,name,category_merit_badge) values(344,'Proby_Korona_gór.png','Korona gór',7);
INSERT INTO merit_badge(id,imageurl,name,category_merit_badge) values(345,'Proby_Łowca.png','Łowca',7);
INSERT INTO merit_badge(id,imageurl,name,category_merit_badge) values(346,'Proby_Maratończyk.png','Maratończyk',7);
INSERT INTO merit_badge(id,imageurl,name,category_merit_badge) values(347,'Proby_Spec.png','Spec',7);
INSERT INTO merit_badge(id,imageurl,name,category_merit_badge) values(348,'Proby_Szczwany_lis.png','Szczwany lis',7);
INSERT INTO merit_badge(id,imageurl,name,category_merit_badge) values(349,'Proby_Trzy_pióra.png','Trzy pióra',7);
INSERT INTO merit_badge(id,imageurl,name,category_merit_badge) values(350,'Proby_Viral.png','Viral',7);
INSERT INTO merit_badge(id,imageurl,name,category_merit_badge) values(351,'Proby_Wieszcz.png','Wieszcz',7);
INSERT INTO merit_badge(id,imageurl,name,category_merit_badge) values(352,'Proby_Asceta.png','Asceta',7);
INSERT INTO merit_badge(id,imageurl,name,category_merit_badge) values(353,'Proby_Camino.png','Camino',7);
INSERT INTO merit_badge(id,imageurl,name,category_merit_badge) values(354,'Proby_Dromader.png','Dromader',7);
INSERT INTO merit_badge(id,imageurl,name,category_merit_badge) values(355,'Proby_Korona_gór.png','Korona gór',7);
INSERT INTO merit_badge(id,imageurl,name,category_merit_badge) values(356,'Proby_Łowca.png','Łowca',7);
INSERT INTO merit_badge(id,imageurl,name,category_merit_badge) values(357,'Proby_Maratończyk.png','Maratończyk',7);
INSERT INTO merit_badge(id,imageurl,name,category_merit_badge) values(358,'Proby_Spec.png','Spec',7);
INSERT INTO merit_badge(id,imageurl,name,category_merit_badge) values(359,'Proby_Szczwany_lis.png','Szczwany lis',7);
INSERT INTO merit_badge(id,imageurl,name,category_merit_badge) values(360,'Proby_Trzy_pióra.png','Trzy pióra',7);
INSERT INTO merit_badge(id,imageurl,name,category_merit_badge) values(361,'Proby_Viral.png','Viral',7);
INSERT INTO merit_badge(id,imageurl,name,category_merit_badge) values(362,'Proby_Wieszcz.png','Wieszcz',7);

--import Scout Rank

INSERT into scout_rank(id,imageurl,level,name,statutepdfurl)values(1,'rekrut.png',1,'Rekrut','Regulamin_gwiazdek_zuchowych_i_stopni_harcerskich.pdf');
INSERT into scout_rank(id,imageurl,level,name,statutepdfurl)values(2,'szary.png',2,'Harcerz','Regulamin_gwiazdek_zuchowych_i_stopni_harcerskich.pdf');
INSERT into scout_rank(id,imageurl,level,name,statutepdfurl)values(3,'szary.png',3,'Młodzik','Regulamin_gwiazdek_zuchowych_i_stopni_harcerskich.pdf');
INSERT into scout_rank(id,imageurl,level,name,statutepdfurl)values(4,'szary.png',4,'Wywiadowca','Regulamin_gwiazdek_zuchowych_i_stopni_harcerskich.pdf');
INSERT into scout_rank(id,imageurl,level,name,statutepdfurl)values(5,'cwik.png',5,'Ćwik','Regulamin_gwiazdek_zuchowych_i_stopni_harcerskich.pdf');
INSERT into scout_rank(id,imageurl,level,name,statutepdfurl)values(6,'ho.png',6,'Harcerz Orli','Regulamin_gwiazdek_zuchowych_i_stopni_harcerskich.pdf');
INSERT into scout_rank(id,imageurl,level,name,statutepdfurl)values(7,'hr.png',7,'Harcerz Rzeczypospolitej','Regulamin_gwiazdek_zuchowych_i_stopni_harcerskich.pdf');

--import Scout Instructor Rank

INSERT into scout_instructor_rank(id,color,level,name,statutepdfurl,shortcut)values(1,'BLUE',1,'Przewodnik','Regulamin_gwiazdek_zuchowych_i_stopni_harcerskich.pdf','pwd' );
INSERT into scout_instructor_rank(id,color,level,name,statutepdfurl,shortcut)values(2,'GREEN',2,'Podharcmistrz','Regulamin_gwiazdek_zuchowych_i_stopni_harcerskich.pdf','phm');
INSERT into scout_instructor_rank(id,color,level,name,statutepdfurl,shortcut)values(3,'RED',3,'Harcmistrz','Regulamin_gwiazdek_zuchowych_i_stopni_harcerskich.pdf','hm');

